doi,given_name,family_name
10.1128/jb.147.3.1085-1094.1981,Bonni Yee,Reichelt
10.1128/jb.147.3.1085-1094.1981,Graham H.,Fleet
10.3390/microorganisms11040818,Smaranda Ioana,Codreanu
10.3390/microorganisms11040818,Cristina Nicoleta,Ciurea
10.1128/spectrum.02589-21,Albert,Ruiz-Sorribas
10.1128/spectrum.02589-21,Hervé,Poilvache
10.1128/spectrum.02589-21,Nur Hidayatul Nazirah,Kamarudin
10.1128/spectrum.02589-21,Annabel,Braem
10.1128/spectrum.02589-21,Françoise,Van Bambeke
10.1177/0300985817698207,Courtney,Meason-Smith
10.1177/0300985817698207,Erin E.,Edwards
10.1177/0300985817698207,Caitlin E.,Older
10.1177/0300985817698207,Mackenzie,Branco
10.1177/0300985817698207,Laura K.,Bryan
10.1177/0300985817698207,Sara D.,Lawhon
10.1177/0300985817698207,Jan S.,Suchodolski
10.1177/0300985817698207,Gabriel,Gomez
10.1177/0300985817698207,Joanne,Mansell
10.1177/0300985817698207,Aline Rodrigues,Hoffmann
10.1002/etc.5445,Eszter,Simon
10.1002/etc.5445,Carolin,Riegraf
10.1002/etc.5445,Andrea,Schifferli
10.1002/etc.5445,Daniel,Olbrich
10.1002/etc.5445,Thomas,Bucher
10.1002/etc.5445,Etiënne L. M.,Vermeirssen
10.4049/jimmunol.2000447,Qian,Meng
10.4049/jimmunol.2000447,Pei-Pei,Wu
10.4049/jimmunol.2000447,Miao-Miao,Li
10.4049/jimmunol.2000447,Rui-Hao,Shu
10.4049/jimmunol.2000447,Gui-Ling,Zhou
10.4049/jimmunol.2000447,Ji-Hong,Zhang
10.4049/jimmunol.2000447,Huan,Zhang
10.4049/jimmunol.2000447,Haobo,Jiang
10.4049/jimmunol.2000447,Qi-Lian,Qin
10.4049/jimmunol.2000447,Zhen,Zou
10.1128/AAC.04650-14,Katrijn,De Brucker
10.1128/AAC.04650-14,Yulong,Tan
10.1128/AAC.04650-14,Katlijn,Vints
10.1128/AAC.04650-14,Kaat,De Cremer
10.1128/AAC.04650-14,Annabel,Braem
10.1128/AAC.04650-14,Natalie,Verstraeten
10.1128/AAC.04650-14,Jan,Michiels
10.1128/AAC.04650-14,Jef,Vleugels
10.1128/AAC.04650-14,Bruno P. A.,Cammue
10.1128/AAC.04650-14,Karin,Thevissen
10.1128/jb.173.10.3101-3108.1991,J L,Patton
10.1128/jb.173.10.3101-3108.1991,R L,Lester
10.1128/jb.173.23.7429-7435.1991,C C,Adams
10.1128/jb.173.23.7429-7435.1991,D S,Gross
10.1155/2013/268249,Ravi N.,Vellanki
10.1155/2013/268249,Ravichandra,Potumarthi
10.1155/2013/268249,Kiran K.,Doddapaneni
10.1155/2013/268249,Naveen,Anubrolu
10.1155/2013/268249,Lakshmi N.,Mangamoori
10.1128/iai.58.11.3469-3476.1990,K C,Hazen
10.1128/iai.58.11.3469-3476.1990,J G,Lay
10.1128/iai.58.11.3469-3476.1990,B W,Hazen
10.1128/iai.58.11.3469-3476.1990,R C,Fu
10.1128/iai.58.11.3469-3476.1990,S,Murthy
10.1128/iai.63.4.1253-1257.1995,E,Blasi
10.1128/iai.63.4.1253-1257.1995,L,Pitzurra
10.1128/iai.63.4.1253-1257.1995,A R,Chimienti
10.1128/iai.63.4.1253-1257.1995,R,Mazzolla
10.1128/iai.63.4.1253-1257.1995,M,Puliti
10.1128/iai.63.4.1253-1257.1995,R,Barluzzi
10.1128/iai.63.4.1253-1257.1995,F,Bistoni
10.14202/vetworld.2020.1030-1036,Nadezhda,Sachivkina
10.14202/vetworld.2020.1030-1036,Ekaterina,Lenchenko
10.14202/vetworld.2020.1030-1036,Dmitri,Blumenkrants
10.14202/vetworld.2020.1030-1036,Alfia,Ibragimova
10.14202/vetworld.2020.1030-1036,Olga,Bazarkina
10.1128/jb.142.2.414-423.1980,Janet H.,Scott
10.1128/jb.142.2.414-423.1980,Randy,Schekman
10.2144/01305st05,R. Le,Guével
10.2144/01305st05,F.,Pakdel
10.1590/s0100-879x2004001000003,R.A.,Cavalheiro
10.1590/s0100-879x2004001000003,F.,Fortes
10.1590/s0100-879x2004001000003,J.,Borecký
10.1590/s0100-879x2004001000003,V.C.,Faustinoni
10.1590/s0100-879x2004001000003,A.Z.,Schreiber
10.1099/jmm.0.46569-0,Mohammed A.,Al-Fattani
10.1099/jmm.0.46569-0,L. Julia,Douglas
10.1099/jmm.0.47617-0,L.,Metwally
10.1099/jmm.0.47617-0,D. J.,Fairley
10.1099/jmm.0.47617-0,P. V.,Coyle
10.1099/jmm.0.47617-0,R. J.,Hay
10.1099/jmm.0.47617-0,S.,Hedderwick
10.1099/jmm.0.47617-0,B.,McCloskey
10.1099/jmm.0.47617-0,H. J.,O'Neill
10.1099/jmm.0.47617-0,C. H.,Webb
10.1099/jmm.0.47617-0,W.,Elbaz
10.1099/jmm.0.47617-0,R.,McMullan
10.1039/c8sc01130c,Nan,Jiang
10.1039/c8sc01130c,Guo-Liang,Ying
10.1039/c8sc01130c,Ali K.,Yetisen
10.1039/c8sc01130c,Yunuen,Montelongo
10.1039/c8sc01130c,Ling,Shen
10.1039/c8sc01130c,Yu-Xuan,Xiao
10.1039/c8sc01130c,Henk J.,Busscher
10.1039/c8sc01130c,Xiao-Yu,Yang
10.1039/c8sc01130c,Bao-Lian,Su
10.1021/ja1100189,Sung Ho,Yang
10.1021/ja1100189,Sung Min,Kang
10.1021/ja1100189,Kyung-Bok,Lee
10.1021/ja1100189,Taek Dong,Chung
10.1021/ja1100189,Haeshin,Lee
10.1021/ja1100189,Insung S.,Choi
10.1139/w11-064,C.,Lass-Flörl
10.1139/w11-064,S.A.,Follett
10.1139/w11-064,A.,Moody
10.1139/w11-064,D.W.,Denning
10.4155/tde.10.114,Ramanathan,Lakshminarayanan
10.4155/tde.10.114,Ellina,Kesselman
10.4155/tde.10.114,Revital,Cohen
10.4155/tde.10.114,Periakaruppan,Athappan
10.4155/tde.10.114,Eyal,Shimoni
10.1021/es405731j,Markus,Brinkmann
10.1021/es405731j,Sibylle,Maletz
10.1021/es405731j,Martin,Krauss
10.1021/es405731j,Kerstin,Bluhm
10.1021/es405731j,Sabrina,Schiwy
10.1021/es405731j,Jochen,Kuckelkorn
10.1021/es405731j,Andreas,Tiehm
10.1021/es405731j,Werner,Brack
10.1021/es405731j,Henner,Hollert
10.1002/jobm.201700545,Melinda,Szilágyi
10.1002/jobm.201700545,Fruzsina,Anton
10.1002/jobm.201700545,István,Pócsi
10.1002/jobm.201700545,Tamás,Emri
10.1039/c8cc01311j,Guan,Wang
10.1039/c8cc01311j,Kai,Zhang
10.1039/c8cc01311j,Yindian,Wang
10.1039/c8cc01311j,Changwen,Zhao
10.1039/c8cc01311j,Bin,He
10.1039/c8cc01311j,Yuhong,Ma
10.1039/c8cc01311j,Wantai,Yang
10.1002/cpps.101,Sibel,Öztürk
10.1002/cpps.101,İrem,Demir
10.1002/cpps.101,Pınar,Çalık
10.1002/yea.3514,Ergi,Terzioğlu
10.1002/yea.3514,Ceren,Alkım
10.1002/yea.3514,Mevlüt,Arslan
10.1002/yea.3514,Berrak Gülçin,Balaban
10.1002/yea.3514,Can,Holyavkin
10.1002/yea.3514,Halil İbrahim,Kısakesen
10.1002/yea.3514,Alican,Topaloğlu
10.1002/yea.3514,Ülkü,Yılmaz Şahin
10.1002/yea.3514,Sema,Gündüz Işık
10.1002/yea.3514,Süleyman,Akman
10.1002/yea.3514,Zeynep Petek,Çakar
10.1021/acsnano.1c03896,Chong,Jiao
10.1021/acsnano.1c03896,Changwen,Zhao
10.1021/acsnano.1c03896,Yuhong,Ma
10.1021/acsnano.1c03896,Wantai,Yang
10.1002/adma.202206437,Jian,He
10.1002/adma.202206437,Yang,Ye
10.1002/adma.202206437,Dongxiao,Zhang
10.1002/adma.202206437,Ke,Yao
10.1002/adma.202206437,Min,Zhou
10.1021/acs.biomac.3c01143,Kanglei,Wang
10.1021/acs.biomac.3c01143,Changwen,Zhao
10.1021/acs.biomac.3c01143,Yuhong,Ma
10.1021/acs.biomac.3c01143,Wantai,Yang
10.1093/jxb/eraa560,Naoki,Arai
10.1093/jxb/eraa560,Yusuke,Ohno
10.1093/jxb/eraa560,Shinya,Jumyo
10.1093/jxb/eraa560,Yusuke,Hamaji
10.1093/jxb/eraa560,Takashi,Ohyama
10.1093/jas/skab190,Marcos Elias,Duarte
10.1093/jas/skab190,Chris,Sparks
10.1093/jas/skab190,Sung Woo,Kim
10.1111/mpp.12431,Pere,Mestre
10.1111/mpp.12431,Gautier,Arista
10.1111/mpp.12431,Marie‐Christine,Piron
10.1111/mpp.12431,Camille,Rustenholz
10.1111/mpp.12431,Christophe,Ritzenthaler
10.1111/mpp.12431,Didier,Merdinoglu
10.1111/mpp.12431,Jean‐François,Chich
10.1128/aem.01274-22,Tunyaboon,Laemthong
10.1128/aem.01274-22,Ryan G.,Bing
10.1128/aem.01274-22,James R.,Crosby
10.1128/aem.01274-22,Michael W. W.,Adams
10.1128/aem.01274-22,Robert M.,Kelly
10.1016/j.psj.2023.102768,A.G.,Anderson
10.1016/j.psj.2023.102768,M.R.,Bedford
10.1016/j.psj.2023.102768,C.M.,Parsons
10.1007/s00253-023-12416-4,Hamed I.,Hamouda
10.1007/s00253-023-12416-4,Yi-Xuan,Fan
10.1007/s00253-023-12416-4,Mohnad,Abdalla
10.1007/s00253-023-12416-4,Hang,Su
10.1007/s00253-023-12416-4,Ming,Lu
10.1007/s00253-023-12416-4,Fu-Li,Li
10.1007/s11274-023-03550-2,Xinyi,Jin
10.1007/s11274-023-03550-2,Jia-Kun,Wang
10.1007/s11274-023-03550-2,Qian,Wang
10.1186/s13068-023-02332-0,Xing,Qin
10.1186/s13068-023-02332-0,Kun,Yang
10.1186/s13068-023-02332-0,Jiahuan,Zou
10.1186/s13068-023-02332-0,Xiaolu,Wang
10.1186/s13068-023-02332-0,Tao,Tu
10.1186/s13068-023-02332-0,Yuan,Wang
10.1186/s13068-023-02332-0,Xiaoyun,Su
10.1186/s13068-023-02332-0,Bin,Yao
10.1186/s13068-023-02332-0,Huoqing,Huang
10.1186/s13068-023-02332-0,Huiying,Luo
10.1038/s41467-023-41175-z,Hang,Liu
10.1038/s41467-023-41175-z,Xunli,Lu
10.1038/s41467-023-41175-z,Mengfei,Li
10.1038/s41467-023-41175-z,Zhiqin,Lun
10.1038/s41467-023-41175-z,Xia,Yan
10.1038/s41467-023-41175-z,Changfa,Yin
10.1038/s41467-023-41175-z,Guixin,Yuan
10.1038/s41467-023-41175-z,Xingbin,Wang
10.1038/s41467-023-41175-z,Ning,Liu
10.1038/s41467-023-41175-z,Di,Liu
10.1038/s41467-023-41175-z,Mian,Wu
10.1038/s41467-023-41175-z,Ziluolong,Luo
10.1038/s41467-023-41175-z,Yan,Zhang
10.1038/s41467-023-41175-z,Vijai,Bhadauria
10.1038/s41467-023-41175-z,Jun,Yang
10.1038/s41467-023-41175-z,Nicholas J.,Talbot
10.1038/s41467-023-41175-z,You-Liang,Peng
10.1371/journal.ppat.1011578,Huifang,Wang
10.1371/journal.ppat.1011578,Zhuoyue,Lu
10.1371/journal.ppat.1011578,Nemat O.,Keyhani
10.1371/journal.ppat.1011578,Juan,Deng
10.1371/journal.ppat.1011578,Xin,Zhao
10.1371/journal.ppat.1011578,Shuaishuai,Huang
10.1371/journal.ppat.1011578,Zhibing,Luo
10.1371/journal.ppat.1011578,Kai,Jin
10.1371/journal.ppat.1011578,Yongjun,Zhang
10.21203/rs.3.rs-3307888/v1,Patrick,Ferreira
10.21203/rs.3.rs-3307888/v1,Abdessalem,Chahed¹
10.21203/rs.3.rs-3307888/v1,Natália,Seixas
10.21203/rs.3.rs-3307888/v1,Rodrigo,Costa
10.21203/rs.3.rs-3307888/v1,Altino Branco,Choupina
10.3390/md21060332,Jianrong,Wang
10.3390/md21060332,Mujin,Zhu
10.3390/md21060332,Ping,Wang
10.3390/md21060332,Wei,Chen
10.1038/s43705-023-00316-7,Daniela M. G.,da Silva
10.1038/s43705-023-00316-7,Filipa R.,Pedrosa
10.1038/s43705-023-00316-7,M.,Ângela Taipa
10.1038/s43705-023-00316-7,Rodrigo,Costa
10.1038/s43705-023-00316-7,Tina,Keller-Costa
10.1186/s13071-023-05733-0,Sha,An
10.1186/s13071-023-05733-0,Wenjuan,Liu
10.1186/s13071-023-05733-0,Jingwen,Fu
10.1186/s13071-023-05733-0,Zhong,Zhang
10.1186/s13071-023-05733-0,Ruiling,Zhang
10.1038/s41598-023-47332-0,Giovanna,Capovilla
10.1038/s41598-023-47332-0,Kurt G.,Castro
10.1038/s41598-023-47332-0,Silvio,Collani
10.1038/s41598-023-47332-0,Sean M.,Kearney
10.1038/s41598-023-47332-0,David M.,Kehoe
10.1038/s41598-023-47332-0,Sallie W.,Chisholm
10.1002/alz.12612,Kevin,Connolly
10.1002/alz.12612,Mikael,Lehoux
10.1002/alz.12612,Ryan,O'Rourke
10.1002/alz.12612,Benedetta,Assetta
10.1002/alz.12612,Guzide Ayse,Erdemir
10.1002/alz.12612,Jack A,Elias
10.1002/alz.12612,Chun Geun,Lee
10.1002/alz.12612,Yu‐Wen Alvin,Huang
10.1183/16000617.0143-2019,De,Chang
10.1183/16000617.0143-2019,Lokesh,Sharma
10.1183/16000617.0143-2019,Charles S.,Dela Cruz
10.1128/iai.00549-22,Jason R.,Devlin
10.1128/iai.00549-22,Judith,Behnsen
10.1007/s10886-021-01284-9,Yang,Han
10.1007/s10886-021-01284-9,Erin B.,Taylor
10.1007/s10886-021-01284-9,Dawn,Luthe
10.1093/jambio/lxad141,Dinh Minh,Tran
10.1093/jambio/lxad141,To Uyen,Huynh
10.1093/jambio/lxad141,Thi Huyen,Nguyen
10.1093/jambio/lxad141,Tu Oanh,Do
10.1093/jambio/lxad141,Quang Vinh,Nguyen
10.1093/jambio/lxad141,Anh Dzung,Nguyen
10.1002/pro.4289,Hargobinder,Kaur
10.1002/pro.4289,Laine,Garber
10.1002/pro.4289,James W.,Murphy
10.1002/pro.4289,Joseph M.,Vinetz
10.3389/fmicb.2023.1121720,Lingman,Ran
10.3389/fmicb.2023.1121720,Xiaolei,Wang
10.3389/fmicb.2023.1121720,Xinxin,He
10.3389/fmicb.2023.1121720,Ruihong,Guo
10.3389/fmicb.2023.1121720,Yanhong,Wu
10.3389/fmicb.2023.1121720,Pingping,Zhang
10.3389/fmicb.2023.1121720,Xiao-Hua,Zhang
10.3390/plants12071543,Tiannan,He
10.3390/plants12071543,Jianshuai,Fan
10.3390/plants12071543,Gaozhen,Jiao
10.3390/plants12071543,Yuhan,Liu
10.3390/plants12071543,Qimeng,Zhang
10.3390/plants12071543,Ning,Luo
10.3390/plants12071543,Bilal,Ahmad
10.3390/plants12071543,Qingxi,Chen
10.3390/plants12071543,Zhifeng,Wen
10.3390/microorganisms11061387,Chuan,Wang
10.3390/microorganisms11061387,Yuze,Yang
10.3390/microorganisms11061387,Chunjuan,Ma
10.3390/microorganisms11061387,Yongjie,Sunkang
10.3390/microorganisms11061387,Shaoqing,Tang
10.3390/microorganisms11061387,Zhao,Zhang
10.3390/microorganisms11061387,Xuerui,Wan
10.3390/microorganisms11061387,Yaqin,Wei
10.1021/acsomega.2c00139,Janeala J.,Morsby
10.1021/acsomega.2c00139,Rebekah L.,Thimes
10.1021/acsomega.2c00139,Jacob E.,Olson
10.1021/acsomega.2c00139,Hannah H.,McGarraugh
10.1021/acsomega.2c00139,Jason N.,Payne
10.1021/acsomega.2c00139,Jon P.,Camden
10.1021/acsomega.2c00139,Bradley D.,Smith
10.1371/journal.pone.0286609,Edwin R.,Burgess
10.1371/journal.pone.0286609,Neil D.,Sanscrainte
10.1371/journal.pone.0286609,Caitlin E.,Taylor
10.1371/journal.pone.0286609,Lyle J.,Buss
10.1371/journal.pone.0286609,Alden S.,Estep
10.1038/s41598-023-32353-6,Nivisti,Singh
10.1038/s41598-023-32353-6,Bruce,Sithole
10.1038/s41598-023-32353-6,Ajit,Kumar
10.1038/s41598-023-32353-6,Roshini,Govinden
10.3390/molecules28186548,Aneela,Khushal
10.3390/molecules28186548,Umar,Farooq
10.3390/molecules28186548,Sara,Khan
10.3390/molecules28186548,Azhar,Rasul
10.3390/molecules28186548,Tanveer A.,Wani
10.3390/molecules28186548,Seema,Zargar
10.3390/molecules28186548,Sohail Anjum,Shahzad
10.3390/molecules28186548,Syed Majid,Bukhari
10.3390/molecules28186548,Nazeer Ahmad,Khan
10.1186/s12882-023-03262-7,Xiao,Liu
10.1186/s12882-023-03262-7,Shaomin,Gong
10.1186/s12882-023-03262-7,Yichun,Ning
10.1186/s12882-023-03262-7,Yang,Li
10.1186/s12882-023-03262-7,Huili,Zhou
10.1186/s12882-023-03262-7,Luna,He
10.1186/s12882-023-03262-7,Lin,Lin
10.1186/s12882-023-03262-7,Shi,Jin
10.1186/s12882-023-03262-7,Ziyan,Shen
10.1186/s12882-023-03262-7,Bowen,Zhu
10.1186/s12882-023-03262-7,Fang,Li
10.1186/s12882-023-03262-7,Jie,Li
10.1186/s12882-023-03262-7,Xiao,Tan
10.1186/s12882-023-03262-7,Xiaoyan,Jiao
10.1186/s12882-023-03262-7,Yiqin,Shi
10.1186/s12882-023-03262-7,Xiaoqiang,Ding
10.3390/bioengineering10040444,Ruder,Novak
10.3390/bioengineering10040444,Grgur,Salai
10.3390/bioengineering10040444,Stela,Hrkac
10.3390/bioengineering10040444,Ivana Kovacevic,Vojtusek
10.3390/bioengineering10040444,Lovorka,Grgurevic
10.4239/wjd.v14.i6.883,Zhi-Hao,Lin
10.4239/wjd.v14.i6.883,Sheng-Feng,Dai
10.4239/wjd.v14.i6.883,Jian-Nan,Zhao
10.4239/wjd.v14.i6.883,Yue,Jiang
10.1021/acs.bioconjchem.2c00057,Janeala J.,Morsby
10.1021/acs.bioconjchem.2c00057,Bradley D.,Smith
10.1128/jb.00428-22,Anna,Weaver
10.1128/jb.00428-22,Atsushi,Taguchi
10.1128/jb.00428-22,Tobias,Dörr
10.4103/1673-5374.377606,Courtney J.,Rouse
10.4103/1673-5374.377606,Victoria N.,Jensen
10.4103/1673-5374.377606,Coy D.,Heldermon
10.1007/s42773-021-00093-3,Thomas F.,Ducey
10.1007/s42773-021-00093-3,Jeffrey M.,Novak
10.1007/s42773-021-00093-3,Gilbert C.,Sigua
10.1007/s42773-021-00093-3,James A.,Ippolito
10.1007/s42773-021-00093-3,Hannah C.,Rushmiller
10.1007/s42773-021-00093-3,Donald W.,Watts
10.1007/s42773-021-00093-3,Kristin M.,Trippe
10.1007/s42773-021-00093-3,Kurt A.,Spokas
10.1007/s42773-021-00093-3,Kenneth C.,Stone
10.1007/s42773-021-00093-3,Mark G.,Johnson
10.2215/CJN.15951219,Richard A.,Zager
10.2215/CJN.15951219,Ali C.M.,Johnson
10.2215/CJN.15951219,Alvaro,Guillem
10.2215/CJN.15951219,Jeff,Keyser
10.2215/CJN.15951219,Bhupinder,Singh
10.1111/iej.13911,Ronald,Ordinola‐Zapata
10.1111/iej.13911,Massimo,Costalonga
10.1111/iej.13911,Matthew,Dietz
10.1111/iej.13911,Bruno P.,Lima
10.1111/iej.13911,Christopher,Staley
10.1021/acschembio.2c00741,Victoria A.,Lund
10.1021/acschembio.2c00741,Haneesh,Gangotra
10.1021/acschembio.2c00741,Zhen,Zhao
10.1021/acschembio.2c00741,Joshua A. F.,Sutton
10.1021/acschembio.2c00741,Katarzyna,Wacnik
10.1021/acschembio.2c00741,Kristen,DeMeester
10.1021/acschembio.2c00741,Hai,Liang
10.1021/acschembio.2c00741,Cintia,Santiago
10.1021/acschembio.2c00741,Catherine,Leimkuhler Grimes
10.1021/acschembio.2c00741,Simon,Jones
10.1021/acschembio.2c00741,Simon J.,Foster
10.3390/antibiotics8040214,Steven M.,Swift
10.3390/antibiotics8040214,Kevin P.,Reid
10.3390/antibiotics8040214,David M.,Donovan
10.3390/antibiotics8040214,Timothy G.,Ramsay
10.1007/s11356-023-27002-4,Huong,Mai
10.1007/s11356-023-27002-4,Nguyen Danh,Thien
10.1007/s11356-023-27002-4,Nguyen Thuy,Dung
10.1007/s11356-023-27002-4,Christian,Valentin
10.1016/j.envpol.2022.120223,Vincent,Laderriere
10.1016/j.envpol.2022.120223,Soizic,Morin
10.1016/j.envpol.2022.120223,Mélissa,Eon
10.1016/j.envpol.2022.120223,Claude,Fortin
10.3389/fmicb.2021.655987,Charlotte J.,Alster
10.3389/fmicb.2021.655987,Steven D.,Allison
10.3389/fmicb.2021.655987,Sydney I.,Glassman
10.3389/fmicb.2021.655987,Adam C.,Martiny
10.3389/fmicb.2021.655987,Kathleen K.,Treseder
10.1021/acs.analchem.1c02658,Alanna M.,Klose
10.1021/acs.analchem.1c02658,John L.,Daiss
10.1021/acs.analchem.1c02658,Lananh,Ho
10.1021/acs.analchem.1c02658,Christopher A.,Beck
10.1021/acs.analchem.1c02658,Christopher C.,Striemer
10.1021/acs.analchem.1c02658,Gowrishankar,Muthukrishnan
10.1021/acs.analchem.1c02658,Benjamin L.,Miller
10.3390/vaccines11081309,João Guilherme Lino da,Silva
10.3390/vaccines11081309,Ana Alice Maia,Gonçalves
10.3390/vaccines11081309,Liliam Teixeira,Oliveira
10.3390/vaccines11081309,Giani Martins,Garcia
10.3390/vaccines11081309,Maurício Azevedo,Batista
10.3390/vaccines11081309,Ludmila Zanandreis de,Mendonça
10.3390/vaccines11081309,Kelvinson Fernandes,Viana
10.3390/vaccines11081309,Rita de Cássia Oliveira,Sant’Ana
10.3390/vaccines11081309,Otoni Alves de Oliveira,Melo Júnior
10.3390/vaccines11081309,Denise,Silveira-Lemos
10.3390/vaccines11081309,Walderez Ornelas,Dutra
10.3390/vaccines11081309,Olindo Assis,Martins-Filho
10.3390/vaccines11081309,Alexsandro Sobreira,Galdino
10.3390/vaccines11081309,Sandra Aparecida Lima,de Moura
10.3390/vaccines11081309,Vanessa Carla Furtado,Mosqueira
10.3390/vaccines11081309,Rodolfo Cordeiro,Giunchetti
10.1016/j.cell.2020.09.058,Lydia,Kalafati
10.1016/j.cell.2020.09.058,Ioannis,Kourtzelis
10.1016/j.cell.2020.09.058,Jonas,Schulte-Schrepping
10.1016/j.cell.2020.09.058,Xiaofei,Li
10.1016/j.cell.2020.09.058,Aikaterini,Hatzioannou
10.1016/j.cell.2020.09.058,Tatyana,Grinenko
10.1016/j.cell.2020.09.058,Eman,Hagag
10.1016/j.cell.2020.09.058,Anupam,Sinha
10.1016/j.cell.2020.09.058,Canan,Has
10.1016/j.cell.2020.09.058,Sevina,Dietz
10.1016/j.cell.2020.09.058,Antonio Miguel,de Jesus Domingues
10.1016/j.cell.2020.09.058,Marina,Nati
10.1016/j.cell.2020.09.058,Sundary,Sormendi
10.1016/j.cell.2020.09.058,Ales,Neuwirth
10.1016/j.cell.2020.09.058,Antonios,Chatzigeorgiou
10.1016/j.cell.2020.09.058,Athanasios,Ziogas
10.1016/j.cell.2020.09.058,Mathias,Lesche
10.1016/j.cell.2020.09.058,Andreas,Dahl
10.1016/j.cell.2020.09.058,Ian,Henry
10.1016/j.cell.2020.09.058,Pallavi,Subramanian
10.1016/j.cell.2020.09.058,Ben,Wielockx
10.1016/j.cell.2020.09.058,Peter,Murray
10.1016/j.cell.2020.09.058,Peter,Mirtschink
10.1016/j.cell.2020.09.058,Kyoung-Jin,Chung
10.1016/j.cell.2020.09.058,Joachim L.,Schultze
10.1016/j.cell.2020.09.058,Mihai G.,Netea
10.1016/j.cell.2020.09.058,George,Hajishengallis
10.1016/j.cell.2020.09.058,Panayotis,Verginis
10.1016/j.cell.2020.09.058,Ioannis,Mitroulis
10.1016/j.cell.2020.09.058,Triantafyllos,Chavakis
10.4049/jimmunol.2100107,Cody L.,Stothers
10.4049/jimmunol.2100107,Katherine R.,Burelbach
10.4049/jimmunol.2100107,Allison M.,Owen
10.4049/jimmunol.2100107,Naeem K.,Patil
10.4049/jimmunol.2100107,Margaret A.,McBride
10.4049/jimmunol.2100107,Julia K.,Bohannon
10.4049/jimmunol.2100107,Liming,Luan
10.4049/jimmunol.2100107,Antonio,Hernandez
10.4049/jimmunol.2100107,Tazeen K.,Patil
10.4049/jimmunol.2100107,David L.,Williams
10.4049/jimmunol.2100107,Edward R.,Sherwood
10.1016/j.tcsw.2021.100061,Douglas W.,Lowman
10.1016/j.tcsw.2021.100061,M.,Sameer Al-Abdul-Wahid
10.1016/j.tcsw.2021.100061,Zuchao,Ma
10.1016/j.tcsw.2021.100061,Michael D.,Kruppa
10.1016/j.tcsw.2021.100061,Elena,Rustchenko
10.1016/j.tcsw.2021.100061,David L.,Williams
10.1016/j.foodchem.2020.127668,Keshun,Liu
10.1016/j.foodchem.2020.127668,Mitchell L.,Wise
10.3390/pharmaceutics15061615,Xuemei,Zhong
10.3390/pharmaceutics15061615,Guoqing,Wang
10.3390/pharmaceutics15061615,Fu,Li
10.3390/pharmaceutics15061615,Sixian,Fang
10.3390/pharmaceutics15061615,Siai,Zhou
10.3390/pharmaceutics15061615,Akihiro,Ishiwata
10.3390/pharmaceutics15061615,Alexander G.,Tonevitsky
10.3390/pharmaceutics15061615,Maxim,Shkurnikov
10.3390/pharmaceutics15061615,Hui,Cai
10.3390/pharmaceutics15061615,Feiqing,Ding
10.1111/cns.14132,Qiwei,Zhang
10.1111/cns.14132,Wei,Zhao
10.1111/cns.14132,Yue,Hou
10.1111/cns.14132,Xinxin,Song
10.1111/cns.14132,Haiyang,Yu
10.1111/cns.14132,Jinghe,Tan
10.1111/cns.14132,Yanmeng,Zhou
10.1111/cns.14132,Han‐Ting,Zhang
10.1186/s40168-020-00920-y,Hongli,Shi
10.1186/s40168-020-00920-y,Yinghua,Yu
10.1186/s40168-020-00920-y,Danhong,Lin
10.1186/s40168-020-00920-y,Peng,Zheng
10.1186/s40168-020-00920-y,Peng,Zhang
10.1186/s40168-020-00920-y,Minmin,Hu
10.1186/s40168-020-00920-y,Qiao,Wang
10.1186/s40168-020-00920-y,Wei,Pan
10.1186/s40168-020-00920-y,Xiaoying,Yang
10.1186/s40168-020-00920-y,Tao,Hu
10.1186/s40168-020-00920-y,Qianqian,Li
10.1186/s40168-020-00920-y,Renxian,Tang
10.1186/s40168-020-00920-y,Feng,Zhou
10.1186/s40168-020-00920-y,Kuiyang,Zheng
10.1186/s40168-020-00920-y,Xu-Feng,Huang
10.1186/s13071-023-05686-4,Zeyu,Cui
10.1186/s13071-023-05686-4,Yuying,Gong
10.1186/s13071-023-05686-4,Xiaotong,Luo
10.1186/s13071-023-05686-4,Niuyi,Zheng
10.1186/s13071-023-05686-4,Shimin,Tan
10.1186/s13071-023-05686-4,Shuxi,Liu
10.1186/s13071-023-05686-4,Youwei,Li
10.1186/s13071-023-05686-4,Qingling,Wang
10.1186/s13071-023-05686-4,Fenfen,Sun
10.1186/s13071-023-05686-4,Minmin,Hu
10.1186/s13071-023-05686-4,Wei,Pan
10.1186/s13071-023-05686-4,Xiaoying,Yang
10.3390/foods12173148,Miseon,Sung
10.3390/foods12173148,Yohan,Yoon
10.3390/foods12173148,Jeeyeon,Lee
10.1080/10408398.2023.2217727,Leilei,Yu
10.1080/10408398.2023.2217727,Yuhang,Gao
10.1080/10408398.2023.2217727,Zi,Ye
10.1080/10408398.2023.2217727,Hui,Duan
10.1080/10408398.2023.2217727,Jianxin,Zhao
10.1080/10408398.2023.2217727,Hao,Zhang
10.1080/10408398.2023.2217727,Arjan,Narbad
10.1080/10408398.2023.2217727,Fengwei,Tian
10.1080/10408398.2023.2217727,Qixiao,Zhai
10.1080/10408398.2023.2217727,Wei,Chen
10.1007/s10068-023-01473-0,Ha-Nul,Lee
10.1007/s10068-023-01473-0,Hyeon-Jeong,Lim
10.1007/s10068-023-01473-0,Ji-Yeon,Park
10.1007/s10068-023-01473-0,Joo-Hee,Choi
10.1007/s10068-023-01473-0,Seong-Jin,Hong
10.1007/s10068-023-01473-0,Da Eun,Jang
10.1007/s10068-023-01473-0,Tae-Su,Kim
10.1007/s10068-023-01473-0,Su Hui,Seong
10.1007/s10068-023-01473-0,Bo-Ram,Kim
10.1007/s10068-023-01473-0,Jin-Ho,Kim
10.1007/s10068-023-01473-0,Chan,Seo
10.1007/s10068-023-01473-0,Jong-Hwan,Park
10.1007/s10068-023-01473-0,Jin-Woo,Jeong
10.1007/s10068-023-01473-0,Young-Min,Kim
10.1038/s42003-023-04970-4,Pedro,Fernandez-Julia
10.1038/s42003-023-04970-4,Gary W.,Black
10.1038/s42003-023-04970-4,William,Cheung
10.1038/s42003-023-04970-4,Douwe,Van Sinderen
10.1038/s42003-023-04970-4,Jose,Munoz-Munoz
10.1038/s41586-023-05856-5,Xinlin,Hu
10.1038/s41586-023-05856-5,Ping,Yang
10.1038/s41586-023-05856-5,Changdong,Chai
10.1038/s41586-023-05856-5,Jia,Liu
10.1038/s41586-023-05856-5,Huanhuan,Sun
10.1038/s41586-023-05856-5,Yanan,Wu
10.1038/s41586-023-05856-5,Mingjie,Zhang
10.1038/s41586-023-05856-5,Min,Zhang
10.1038/s41586-023-05856-5,Xiaotian,Liu
10.1038/s41586-023-05856-5,Hongjun,Yu
10.3390/ph15111379,Virginia,Casas-Arrojo
10.3390/ph15111379,María de los Ángeles,Arrojo Agudo
10.3390/ph15111379,Casimiro,Cárdenas García
10.3390/ph15111379,Paloma,Carrillo
10.3390/ph15111379,Claudia,Pérez Manríquez
10.3390/ph15111379,Eduardo,Martínez-Manzanares
10.3390/ph15111379,Roberto T.,Abdala Díaz
10.3390/ph15101179,Lhaís A.,Caldas
10.3390/ph15101179,Patricia D.,Santos
10.3390/ph15101179,Elaine R.,Carbonero
10.3390/ph15101179,Marisa,Ionta
10.3390/ph15101179,Marta,Miyazawa
10.3390/ph15101179,Ester S.,Caixeta
10.3390/ph15101179,Antonio M.,Fregnan
10.3390/ph15101179,Bianca Barros,Nóbrega
10.3390/ph15101179,Maria Carolina B.,Di Medeiros
10.3390/ph15101179,Nelson,Menolli
10.3390/ph15101179,Douglas M. M.,Soares
10.3390/ph15101179,Cassius V.,Stevani
10.3390/ph15101179,Patricia,Sartorelli
10.3390/ph16030460,Diego,Morales
10.1007/s10529-023-03422-7,Katsuhiko,Kida
10.1007/s10529-023-03422-7,Daisuke,Hatanaka
10.1007/s10529-023-03422-7,Masataka,Minami
10.1007/s10529-023-03422-7,Taiyo,Suzuki
10.1007/s10529-023-03422-7,Masashi,Iwakami
10.1007/s10529-023-03422-7,Masaki,Kobayashi
10.1007/s10529-023-03422-7,Hisato,Hayashi
10.1007/s10529-023-03422-7,Hiroharu,Kawahara
10.1007/s10529-023-03422-7,Masato,Horikawa
10.1007/s10529-023-03422-7,Tatsuro,Kanaki
10.3390/jfb14050288,S Shree,Ganesh
10.3390/jfb14050288,Ramprasad,Anushikaa
10.3390/jfb14050288,Venkadesan Sri,Swetha Victoria
10.3390/jfb14050288,Krishnaraj,Lavanya
10.3390/jfb14050288,Abinaya,Shanmugavadivu
10.3390/jfb14050288,Nagarajan,Selvamurugan
10.1107/S2059798323003261,Yong,Zhou
10.1107/S2059798323003261,Suttipong,Wannapaiboon
10.1107/S2059798323003261,Methinee,Prongjit
10.1107/S2059798323003261,Soraya,Pornsuwan
10.1107/S2059798323003261,Jeerus,Sucharitakul
10.1107/S2059798323003261,Nuntaporn,Kamonsutthipaijit
10.1107/S2059798323003261,Robert C.,Robinson
10.1107/S2059798323003261,Wipa,Suginta
10.1021/acs.biomac.3c00419,Yiting,Luo
10.1021/acs.biomac.3c00419,Yizhi,Li
10.1021/acs.biomac.3c00419,Kun,Liu
10.1021/acs.biomac.3c00419,Lin,Li
10.1021/acs.biomac.3c00419,Wei,Wen
10.1021/acs.biomac.3c00419,Shan,Ding
10.1021/acs.biomac.3c00419,Yadong,Huang
10.1021/acs.biomac.3c00419,Mingxian,Liu
10.1021/acs.biomac.3c00419,Changren,Zhou
10.1021/acs.biomac.3c00419,Binghong,Luo
10.3390/polym15040793,Klaudia,Piekarska
10.3390/polym15040793,Monika,Sikora
10.3390/polym15040793,Monika,Owczarek
10.3390/polym15040793,Jagoda,Jóźwik-Pruska
10.3390/polym15040793,Maria,Wiśniewska-Wrona
10.1038/s41467-023-40479-4,Dan-Dan,Chen
10.1038/s41467-023-40479-4,Zhao-Bin,Wang
10.1038/s41467-023-40479-4,Le-Xuan,Wang
10.1038/s41467-023-40479-4,Peng,Zhao
10.1038/s41467-023-40479-4,Cai-Hong,Yun
10.1038/s41467-023-40479-4,Lin,Bai
10.3390/pharmaceutics15041313,Nimeet,Desai
10.3390/pharmaceutics15041313,Dhwani,Rana
10.3390/pharmaceutics15041313,Sagar,Salave
10.3390/pharmaceutics15041313,Raghav,Gupta
10.3390/pharmaceutics15041313,Pranav,Patel
10.3390/pharmaceutics15041313,Bharathi,Karunakaran
10.3390/pharmaceutics15041313,Amit,Sharma
10.3390/pharmaceutics15041313,Jyotsnendu,Giri
10.3390/pharmaceutics15041313,Derajram,Benival
10.3390/pharmaceutics15041313,Nagavendra,Kommineni
10.3791/64590,Goutam Mohan,Pawaskar
10.3791/64590,Ritu,Raval
10.3791/64590,Subbalaxmi,Selvaraj
10.1016/j.pestbp.2019.08.002,Xiaojian,Liu
10.1016/j.pestbp.2019.08.002,Anastasia M.W.,Cooper
10.1016/j.pestbp.2019.08.002,Zhitao,Yu
10.1016/j.pestbp.2019.08.002,Kristopher,Silver
10.1016/j.pestbp.2019.08.002,Jianzhen,Zhang
10.1016/j.pestbp.2019.08.002,Kun Yan,Zhu
10.3389/fimmu.2019.01057,Nansalmaa,Amarsaikhan
10.3389/fimmu.2019.01057,Dylan J.,Stolz
10.3389/fimmu.2019.01057,Amber,Wilcox
10.3389/fimmu.2019.01057,Ethan M.,Sands
10.3389/fimmu.2019.01057,Angar,Tsoggerel
10.3389/fimmu.2019.01057,Haley,Gravely
10.3389/fimmu.2019.01057,Steven P.,Templeton
10.3791/62301,Blaine,Berrington
10.3791/62301,Katelyn,Alley
10.3791/62301,Kristopher,Bosch
10.3791/62301,Kelli,Thomas
10.3791/62301,Katie,Hailer
10.3791/62301,Dario,Prieto-Centurion
10.3389/fpls.2022.832502,Guixia,Hao
10.3389/fpls.2022.832502,Helene,Tiley
10.3389/fpls.2022.832502,Susan,McCormick
10.1371/journal.pone.0282347,Shreya,Bhattacharya
10.1371/journal.pone.0282347,Alec Jacob,Maupin
10.1371/journal.pone.0282347,Anders Grønnegaard,Schlosser
10.1371/journal.pone.0282347,Ernst-Martin,Füchtbauer
10.1371/journal.pone.0282347,Yamel Cardona,Gloria
10.1371/journal.pone.0282347,Alexander N. R.,Weber
10.1371/journal.pone.0282347,Uffe,Holmskov
10.1371/journal.pone.0282347,Jesper Bonnet,Moeller
10.1371/journal.pone.0282347,Steven P.,Templeton
10.61186/ibj.27.5.320,Ashraf,Hajhosseini
10.61186/ibj.27.5.320,Anoosheh,Sharifan
10.61186/ibj.27.5.320,Zohreh,Eftekhari
10.61186/ibj.27.5.320,Ariana,Alavi
10.61186/ibj.27.5.320,Delaram,Doroud
10.4155/fmc-2018-0465,Sahar,Hasim
10.4155/fmc-2018-0465,Jeffrey J,Coleman
10.1007/s11130-022-00947-6,T-Thu,Nguyen
10.1007/s11130-022-00947-6,Andrée,Voilley
10.1007/s11130-022-00947-6,Thi Thu Thuy,Tran
10.1007/s11130-022-00947-6,Yves,Waché
10.3390/biom9090466,Keren A.,Bindon
10.3390/biom9090466,Stella,Kassara
10.3390/biom9090466,Mark,Solomon
10.3390/biom9090466,Caroline,Bartel
10.3390/biom9090466,Paul A.,Smith
10.3390/biom9090466,Alice,Barker
10.3390/biom9090466,Chris,Curtin
10.1016/j.biomaterials.2022.121379,Suryang,Kwak
10.1016/j.biomaterials.2022.121379,Scott J.,Robinson
10.1016/j.biomaterials.2022.121379,Jae Won,Lee
10.1016/j.biomaterials.2022.121379,Hayoon,Lim
10.1016/j.biomaterials.2022.121379,Catherine L.,Wallace
10.1016/j.biomaterials.2022.121379,Yong-Su,Jin
10.1021/acs.jafc.9b00450,Stephan,Sommer
10.1021/acs.jafc.9b00450,Fabian,Weber
10.1021/acs.jafc.9b00450,James F.,Harbertson
10.1016/j.semcdb.2018.03.009,Stephanie C.,Ray
10.1016/j.semcdb.2018.03.009,Chad A.,Rappleye
10.1021/acs.accounts.2c00636,Jiayi,Li
10.1021/acs.accounts.2c00636,Hien M.,Nguyen
10.3390/molecules25173807,Kervin O.,Evans
10.3390/molecules25173807,Christopher,Skory
10.3390/molecules25173807,David L.,Compton
10.3390/molecules25173807,Ryan,Cormier
10.3390/molecules25173807,Gregory L.,Côté
10.3390/molecules25173807,Sanghoon,Kim
10.3390/molecules25173807,Michael,Appell
10.1016/j.btre.2023.e00817,Kervin O.,Evans
10.1016/j.btre.2023.e00817,David L.,Compton
10.1016/j.btre.2023.e00817,Christopher D.,Skory
10.1016/j.btre.2023.e00817,Michael,Appell
10.1111/nan.12865,Maiko T.,Uemura
10.1111/nan.12865,Eun Ran,Suh
10.1111/nan.12865,John L.,Robinson
10.1111/nan.12865,Kurt R.,Brunden
10.1111/nan.12865,Murray,Grossman
10.1111/nan.12865,David J.,Irwin
10.1111/nan.12865,Virginia M.‐Y.,Lee
10.1111/nan.12865,John Q.,Trojanowski
10.1111/nan.12865,Edward B.,Lee
10.1111/nan.12865,Vivianna M.,Van Deerlin
10.3390/jof8101102,Sean D.,Liston
10.3390/jof8101102,Luke,Whitesell
10.3390/jof8101102,Mili,Kapoor
10.3390/jof8101102,Karen J.,Shaw
10.3390/jof8101102,Leah E.,Cowen
10.1016/j.jprot.2022.104580,Clebson S.,Tavares
10.1016/j.jprot.2022.104580,Ruchir,Mishra
10.1016/j.jprot.2022.104580,Pierre N.,Ghobrial
10.1016/j.jprot.2022.104580,Bryony C.,Bonning
10.1093/jb/mvaa075,Marika,Rikitake
10.1093/jb/mvaa075,Ayako,Matsuda
10.1093/jb/mvaa075,Daisuke,Murata
10.1093/jb/mvaa075,Katsufumi,Dejima
10.1093/jb/mvaa075,Kazuko H,Nomura
10.1093/jb/mvaa075,Karen L,Abbott
10.1093/jb/mvaa075,Shohei,Mitani
10.1093/jb/mvaa075,Kazuya,Nomura
10.1177/0271678X21999553,Partha K,Chandra
10.1177/0271678X21999553,Sinisa,Cikic
10.1177/0271678X21999553,Melody C,Baddoo
10.1177/0271678X21999553,Ibolya,Rutkai
10.1177/0271678X21999553,Jessie J,Guidry
10.1177/0271678X21999553,Erik K,Flemington
10.1177/0271678X21999553,Prasad VG,Katakam
10.1177/0271678X21999553,David W,Busija
10.1073/pnas.2123056119,Suvrajit,Saha
10.1073/pnas.2123056119,Amit,Das
10.1073/pnas.2123056119,Chandrima,Patra
10.1073/pnas.2123056119,Anupama Ambika,Anilkumar
10.1073/pnas.2123056119,Parijat,Sil
10.1073/pnas.2123056119,Satyajit,Mayor
10.1073/pnas.2123056119,Madan,Rao
10.1016/j.cell.2022.01.009,Francesco,Borriello
10.1016/j.cell.2022.01.009,Valentina,Poli
10.1016/j.cell.2022.01.009,Ellen,Shrock
10.1016/j.cell.2022.01.009,Roberto,Spreafico
10.1016/j.cell.2022.01.009,Xin,Liu
10.1016/j.cell.2022.01.009,Novalia,Pishesha
10.1016/j.cell.2022.01.009,Claire,Carpenet
10.1016/j.cell.2022.01.009,Janet,Chou
10.1016/j.cell.2022.01.009,Marco,Di Gioia
10.1016/j.cell.2022.01.009,Marisa E.,McGrath
10.1016/j.cell.2022.01.009,Carly A.,Dillen
10.1016/j.cell.2022.01.009,Nora A.,Barrett
10.1016/j.cell.2022.01.009,Lucrezia,Lacanfora
10.1016/j.cell.2022.01.009,Marcella E.,Franco
10.1016/j.cell.2022.01.009,Laura,Marongiu
10.1016/j.cell.2022.01.009,Yoichiro,Iwakura
10.1016/j.cell.2022.01.009,Ferdinando,Pucci
10.1016/j.cell.2022.01.009,Michael D.,Kruppa
10.1016/j.cell.2022.01.009,Zuchao,Ma
10.1016/j.cell.2022.01.009,Douglas W.,Lowman
10.1016/j.cell.2022.01.009,Harry E.,Ensley
10.1016/j.cell.2022.01.009,Etsuro,Nanishi
10.1016/j.cell.2022.01.009,Yoshine,Saito
10.1016/j.cell.2022.01.009,Timothy R.,O’Meara
10.1016/j.cell.2022.01.009,Hyuk-Soo,Seo
10.1016/j.cell.2022.01.009,Sirano,Dhe-Paganon
10.1016/j.cell.2022.01.009,David J.,Dowling
10.1016/j.cell.2022.01.009,Matthew,Frieman
10.1016/j.cell.2022.01.009,Stephen J.,Elledge
10.1016/j.cell.2022.01.009,Ofer,Levy
10.1016/j.cell.2022.01.009,Darrell J.,Irvine
10.1016/j.cell.2022.01.009,Hidde L.,Ploegh
10.1016/j.cell.2022.01.009,David L.,Williams
10.1016/j.cell.2022.01.009,Ivan,Zanoni
10.1128/mSphere.00715-19,Suresh,Ambati
10.1128/mSphere.00715-19,Emma C.,Ellis
10.1128/mSphere.00715-19,Jianfeng,Lin
10.1128/mSphere.00715-19,Xiaorong,Lin
10.1128/mSphere.00715-19,Zachary A.,Lewis
10.1128/mSphere.00715-19,Richard B.,Meagher
10.3389/fimmu.2019.00504,Dana V.,Rizk
10.3389/fimmu.2019.00504,Nicolas,Maillard
10.3389/fimmu.2019.00504,Bruce A.,Julian
10.3389/fimmu.2019.00504,Barbora,Knoppova
10.3389/fimmu.2019.00504,Todd J.,Green
10.3389/fimmu.2019.00504,Jan,Novak
10.3389/fimmu.2019.00504,Robert J.,Wyatt
10.1016/j.ekir.2020.08.003,Richard A.,Lafayette
10.1016/j.ekir.2020.08.003,Brad H.,Rovin
10.1016/j.ekir.2020.08.003,Heather N.,Reich
10.1016/j.ekir.2020.08.003,James A.,Tumlin
10.1016/j.ekir.2020.08.003,Jürgen,Floege
10.1016/j.ekir.2020.08.003,Jonathan,Barratt
10.1111/myc.13451,Johannes,Forster
10.1111/myc.13451,Martin,Hoenigl
10.1111/myc.13451,Sebastian,Suerbaum
10.1111/myc.13451,Johannes,Wagener
10.1111/myc.13451,Karl,Dichtl
10.1038/s41586-021-04295-4,Kevin C.,Stein
10.1038/s41586-021-04295-4,Fabián,Morales-Polanco
10.1038/s41586-021-04295-4,Joris,van der Lienden
10.1038/s41586-021-04295-4,T. Kelly,Rainbolt
10.1038/s41586-021-04295-4,Judith,Frydman
10.1038/s41586-019-1608-2,Berk,Aykut
10.1038/s41586-019-1608-2,Smruti,Pushalkar
10.1038/s41586-019-1608-2,Ruonan,Chen
10.1038/s41586-019-1608-2,Qianhao,Li
10.1038/s41586-019-1608-2,Raquel,Abengozar
10.1038/s41586-019-1608-2,Jacqueline I.,Kim
10.1038/s41586-019-1608-2,Sorin A.,Shadaloey
10.1038/s41586-019-1608-2,Dongling,Wu
10.1038/s41586-019-1608-2,Pamela,Preiss
10.1038/s41586-019-1608-2,Narendra,Verma
10.1038/s41586-019-1608-2,Yuqi,Guo
10.1038/s41586-019-1608-2,Anjana,Saxena
10.1038/s41586-019-1608-2,Mridula,Vardhan
10.1038/s41586-019-1608-2,Brian,Diskin
10.1038/s41586-019-1608-2,Wei,Wang
10.1038/s41586-019-1608-2,Joshua,Leinwand
10.1038/s41586-019-1608-2,Emma,Kurz
10.1038/s41586-019-1608-2,Juan A.,Kochen Rossi
10.1038/s41586-019-1608-2,Mautin,Hundeyin
10.1038/s41586-019-1608-2,Constantinos,Zambrinis
10.1038/s41586-019-1608-2,Xin,Li
10.1038/s41586-019-1608-2,Deepak,Saxena
10.1038/s41586-019-1608-2,George,Miller
10.1021/acschembio.9b00369,Mehmet,Tardu
10.1021/acschembio.9b00369,Joshua D.,Jones
10.1021/acschembio.9b00369,Robert T.,Kennedy
10.1021/acschembio.9b00369,Qishan,Lin
10.1021/acschembio.9b00369,Kristin S.,Koutmou
10.1038/s41586-022-04506-6,Eeshit Dhaval,Vaishnav
10.1038/s41586-022-04506-6,Carl G.,de Boer
10.1038/s41586-022-04506-6,Jennifer,Molinet
10.1038/s41586-022-04506-6,Moran,Yassour
10.1038/s41586-022-04506-6,Lin,Fan
10.1038/s41586-022-04506-6,Xian,Adiconis
10.1038/s41586-022-04506-6,Dawn A.,Thompson
10.1038/s41586-022-04506-6,Joshua Z.,Levin
10.1038/s41586-022-04506-6,Francisco A.,Cubillos
10.1038/s41586-022-04506-6,Aviv,Regev
10.1038/s41586-019-0978-9,Xiaozhou,Luo
10.1038/s41586-019-0978-9,Michael A.,Reiter
10.1038/s41586-019-0978-9,Leo,d’Espaux
10.1038/s41586-019-0978-9,Jeff,Wong
10.1038/s41586-019-0978-9,Charles M.,Denby
10.1038/s41586-019-0978-9,Anna,Lechner
10.1038/s41586-019-0978-9,Yunfeng,Zhang
10.1038/s41586-019-0978-9,Adrian T.,Grzybowski
10.1038/s41586-019-0978-9,Simon,Harth
10.1038/s41586-019-0978-9,Weiyin,Lin
10.1038/s41586-019-0978-9,Hyunsu,Lee
10.1038/s41586-019-0978-9,Changhua,Yu
10.1038/s41586-019-0978-9,John,Shin
10.1038/s41586-019-0978-9,Kai,Deng
10.1038/s41586-019-0978-9,Veronica T.,Benites
10.1038/s41586-019-0978-9,George,Wang
10.1038/s41586-019-0978-9,Edward E. K.,Baidoo
10.1038/s41586-019-0978-9,Yan,Chen
10.1038/s41586-019-0978-9,Ishaan,Dev
10.1038/s41586-019-0978-9,Christopher J.,Petzold
10.1038/s41586-019-0978-9,Jay D.,Keasling
10.2174/1389450120666190924155631,Sweety,Dahiya
10.2174/1389450120666190924155631,Anil K.,Chhillar
10.2174/1389450120666190924155631,Namita,Sharma
10.2174/1389450120666190924155631,Pooja,Choudhary
10.2174/1389450120666190924155631,Aruna,Punia
10.2174/1389450120666190924155631,Meenakshi,Balhara
10.2174/1389450120666190924155631,Kumar,Kaushik
10.2174/1389450120666190924155631,Virinder S.,Parmar
10.1038/s41586-022-04502-w,Xin V.,Li
10.1038/s41586-022-04502-w,Irina,Leonardi
10.1038/s41586-022-04502-w,Gregory G.,Putzel
10.1038/s41586-022-04502-w,Alexa,Semon
10.1038/s41586-022-04502-w,William D.,Fiers
10.1038/s41586-022-04502-w,Takato,Kusakabe
10.1038/s41586-022-04502-w,Woan-Yu,Lin
10.1038/s41586-022-04502-w,Iris H.,Gao
10.1038/s41586-022-04502-w,Itai,Doron
10.1038/s41586-022-04502-w,Alejandra,Gutierrez-Guerrero
10.1038/s41586-022-04502-w,Meghan B.,DeCelie
10.1038/s41586-022-04502-w,Guilhermina M.,Carriche
10.1038/s41586-022-04502-w,Marissa,Mesko
10.1038/s41586-022-04502-w,Chen,Yang
10.1038/s41586-022-04502-w,Julian R.,Naglik
10.1038/s41586-022-04502-w,Bernhard,Hube
10.1038/s41586-022-04502-w,Ellen J.,Scherl
10.1038/s41586-022-04502-w,Iliyan D.,Iliev
10.1038/s41586-021-03241-8,Chitong,Rao
10.1038/s41586-021-03241-8,Katharine Z.,Coyte
10.1038/s41586-021-03241-8,Wayne,Bainter
10.1038/s41586-021-03241-8,Raif S.,Geha
10.1038/s41586-021-03241-8,Camilia R.,Martin
10.1038/s41586-021-03241-8,Seth,Rakoff-Nahoum
10.1016/j.ophtha.2021.07.015,Mark P.,Breazzano
10.1016/j.ophtha.2021.07.015,John B.,Bond
10.1016/j.ophtha.2021.07.015,Srilaxmi,Bearelly
10.1016/j.ophtha.2021.07.015,Donna H.,Kim
10.1016/j.ophtha.2021.07.015,Sean P.,Donahue
10.1016/j.ophtha.2021.07.015,Flora,Lum
10.1016/j.ophtha.2021.07.015,Timothy W.,Olsen
10.1038/s41586-021-03722-w,Kyla S.,Ost
10.1038/s41586-021-03722-w,Teresa R.,O’Meara
10.1038/s41586-021-03722-w,W. Zac,Stephens
10.1038/s41586-021-03722-w,Tyson,Chiaro
10.1038/s41586-021-03722-w,Haoyang,Zhou
10.1038/s41586-021-03722-w,Jourdan,Penman
10.1038/s41586-021-03722-w,Rickesha,Bell
10.1038/s41586-021-03722-w,Jason R.,Catanzaro
10.1038/s41586-021-03722-w,Deguang,Song
10.1038/s41586-021-03722-w,Shakti,Singh
10.1038/s41586-021-03722-w,Daniel H.,Call
10.1038/s41586-021-03722-w,Elizabeth,Hwang-Wong
10.1038/s41586-021-03722-w,Kimberly E.,Hanson
10.1038/s41586-021-03722-w,John F.,Valentine
10.1038/s41586-021-03722-w,Kenneth A.,Christensen
10.1038/s41586-021-03722-w,Ryan M.,O’Connell
10.1038/s41586-021-03722-w,Brendan,Cormack
10.1038/s41586-021-03722-w,Ashraf S.,Ibrahim
10.1038/s41586-021-03722-w,Noah W.,Palm
10.1038/s41586-021-03722-w,Suzanne M.,Noble
10.1038/s41586-021-03722-w,June L.,Round
10.1007/978-1-0716-2399-2_7,Joan,Lin-Cereghino
10.1007/978-1-0716-2399-2_7,Christopher A.,Naranjo
10.1007/978-1-0716-2399-2_7,Geoff P.,Lin-Cereghino
10.1002/bit.27698,Amos E.,Lu
10.1002/bit.27698,Andrew J.,Maloney
10.1002/bit.27698,Neil C.,Dalvie
10.1002/bit.27698,Joseph R.,Brady
10.1002/bit.27698,Kerry R.,Love
10.1002/bit.27698,J. Christopher,Love
10.1002/bit.27698,Richard D.,Braatz
10.1128/MRA.00337-23,James A.,Bagley
10.1128/MRA.00337-23,Michael E.,Pyne
10.1128/MRA.00337-23,Kealan,Exley
10.1128/MRA.00337-23,Kaspar,Kevvai
10.1128/MRA.00337-23,Qingzhao,Wang
10.1128/MRA.00337-23,Malcolm,Whiteway
10.1128/MRA.00337-23,Vincent J. J.,Martin
10.1016/j.heliyon.2020.e03269,Honoré G.,Ouattara
10.1016/j.heliyon.2020.e03269,Ryan J.,Elias
10.1016/j.heliyon.2020.e03269,Edward G.,Dudley
10.21769/BioProtoc.4628,Adam,Turner
10.21769/BioProtoc.4628,Dylan,Lanser
10.21769/BioProtoc.4628,Angie,Gelli
10.1186/s13068-021-02008-7,Shannon M.,Hoffman
10.1186/s13068-021-02008-7,Maria,Alvarez
10.1186/s13068-021-02008-7,Gilad,Alfassi
10.1186/s13068-021-02008-7,Dmitry M.,Rein
10.1186/s13068-021-02008-7,Sergio,Garcia-Echauri
10.1186/s13068-021-02008-7,Yachin,Cohen
10.1186/s13068-021-02008-7,José L.,Avalos
10.1186/s12934-022-01863-9,Weigao,Wang
10.1186/s12934-022-01863-9,Mark A.,Blenner
10.1016/j.mec.2023.e00228,Ayushi,Agrawal
10.1016/j.mec.2023.e00228,Zhiliang,Yang
10.1016/j.mec.2023.e00228,Mark,Blenner
10.1007/978-1-0716-1414-3_1,James M.,Wagner
10.1007/978-1-0716-1414-3_1,Claire M.,Palmer
10.1007/978-1-0716-1414-3_1,Maya V.,Venkataraman
10.1007/978-1-0716-1414-3_1,Lars H.,Lauffer
10.1007/978-1-0716-1414-3_1,Joshua M.,Wiggers
10.1007/978-1-0716-1414-3_1,Eden V.,Williams
10.1007/978-1-0716-1414-3_1,Xiunan,Yi
10.1007/978-1-0716-1414-3_1,Hal S.,Alper
10.1007/978-1-0716-1414-3_12,Seunghyun,Ryu
10.1007/978-1-0716-1414-3_12,Cong T.,Trinh
10.1126/science.abd0919,Umang,Jain
10.1126/science.abd0919,Aaron M.,Ver Heul
10.1126/science.abd0919,Shanshan,Xiong
10.1126/science.abd0919,Martin H.,Gregory
10.1126/science.abd0919,Elora G.,Demers
10.1126/science.abd0919,Justin T.,Kern
10.1126/science.abd0919,Chin-Wen,Lai
10.1126/science.abd0919,Brian D.,Muegge
10.1126/science.abd0919,Derek A. G.,Barisas
10.1126/science.abd0919,J. Steven,Leal-Ekman
10.1126/science.abd0919,Parakkal,Deepak
10.1126/science.abd0919,Matthew A.,Ciorba
10.1126/science.abd0919,Ta-Chiang,Liu
10.1126/science.abd0919,Deborah A.,Hogan
10.1126/science.abd0919,Philip,Debbas
10.1126/science.abd0919,Jonathan,Braun
10.1126/science.abd0919,Dermot P. B.,McGovern
10.1126/science.abd0919,David M.,Underhill
10.1126/science.abd0919,Thaddeus S.,Stappenbeck
10.3389/fphys.2021.699253,Phillipp,Hartmann
10.3389/fphys.2021.699253,Sonja,Lang
10.3389/fphys.2021.699253,Suling,Zeng
10.3389/fphys.2021.699253,Yi,Duan
10.3389/fphys.2021.699253,Xinlian,Zhang
10.3389/fphys.2021.699253,Yanhan,Wang
10.3389/fphys.2021.699253,Marina,Bondareva
10.3389/fphys.2021.699253,Andrey,Kruglov
10.3389/fphys.2021.699253,Derrick E.,Fouts
10.3389/fphys.2021.699253,Peter,Stärkel
10.3389/fphys.2021.699253,Bernd,Schnabl
10.1038/s41586-022-04798-8,Souradeep,Basu
10.1038/s41586-022-04798-8,Jessica,Greenwood
10.1038/s41586-022-04798-8,Andrew W.,Jones
10.1038/s41586-022-04798-8,Paul,Nurse
10.1242/jcs.259061,Yu-Chien,Chuang
10.1242/jcs.259061,Gerald R.,Smith
10.1083/jcb.202204039,Grant A.,King
10.1083/jcb.202204039,Rahel,Wettstein
10.1083/jcb.202204039,Joseph M.,Varberg
10.1083/jcb.202204039,Keerthana,Chetlapalli
10.1083/jcb.202204039,Madison E.,Walsh
10.1083/jcb.202204039,Ludovic C.J.,Gillet
10.1083/jcb.202204039,Claudia,Hernández-Armenta
10.1083/jcb.202204039,Pedro,Beltrao
10.1083/jcb.202204039,Ruedi,Aebersold
10.1083/jcb.202204039,Sue L.,Jaspersen
10.1083/jcb.202204039,Joao,Matos
10.1083/jcb.202204039,Elçin,Ünal
10.1007/s10886-019-01139-4,Eduardo,Bueno
10.1007/s10886-019-01139-4,Kyle R.,Martin
10.1007/s10886-019-01139-4,Robert A.,Raguso
10.1007/s10886-019-01139-4,John G.,Mcmullen
10.1007/s10886-019-01139-4,Stephen P.,Hesler
10.1007/s10886-019-01139-4,Greg M.,Loeb
10.1007/s10886-019-01139-4,Angela E.,Douglas
10.1242/jeb.227843,John G.,McMullen
10.1242/jeb.227843,Grace,Peters-Schulze
10.1242/jeb.227843,Jingwei,Cai
10.1242/jeb.227843,Andrew D.,Patterson
10.1242/jeb.227843,Angela E.,Douglas
10.1016/j.fm.2020.103460,Guoliang,Yan
10.1016/j.fm.2020.103460,Boqing,Zhang
10.1016/j.fm.2020.103460,Lucy,Joseph
10.1016/j.fm.2020.103460,Andrew L.,Waterhouse
10.1371/journal.pone.0211378,Megan E.,Hall
10.1371/journal.pone.0211378,Isabelle,O’Bryon
10.1371/journal.pone.0211378,Wayne F.,Wilcox
10.1371/journal.pone.0211378,Michael V.,Osier
10.1371/journal.pone.0211378,Lance,Cadle-Davidson
10.1128/AEM.00304-20,Kelsy,Robinson
10.1128/AEM.00304-20,Yingping,Xiao
10.1128/AEM.00304-20,Timothy J.,Johnson
10.1128/AEM.00304-20,Binlong,Chen
10.1128/AEM.00304-20,Qing,Yang
10.1128/AEM.00304-20,Wentao,Lyu
10.1128/AEM.00304-20,Jing,Wang
10.1128/AEM.00304-20,Nicole,Fansler
10.1128/AEM.00304-20,Sage,Becker
10.1128/AEM.00304-20,Jing,Liu
10.1128/AEM.00304-20,Hua,Yang
10.1128/AEM.00304-20,Guolong,Zhang
10.1093/ofid/ofab256,Isaiah R,Turnbull
10.1093/ofid/ofab256,Monty B,Mazer
10.1093/ofid/ofab256,Mark H,Hoofnagle
10.1093/ofid/ofab256,John P,Kirby
10.1093/ofid/ofab256,Jennifer M,Leonard
10.1093/ofid/ofab256,Carlos,Mejia-Chew
10.1093/ofid/ofab256,Andrej,Spec
10.1093/ofid/ofab256,Jane,Blood
10.1093/ofid/ofab256,Sydney M,Miles
10.1093/ofid/ofab256,Eric M,Ransom
10.1093/ofid/ofab256,Robert F,Potter
10.1093/ofid/ofab256,Joseph P,Gaut
10.1093/ofid/ofab256,Kenneth E,Remy
10.1093/ofid/ofab256,Richard S,Hotchkiss
10.1016/j.jcf.2023.02.003,Gina,Hong
10.1016/j.jcf.2023.02.003,Scott G,Daniel
10.1016/j.jcf.2023.02.003,Jung-jin,Lee
10.1016/j.jcf.2023.02.003,Kyle,Bittinger
10.1016/j.jcf.2023.02.003,Laurel,Glaser
10.1016/j.jcf.2023.02.003,Lisa M.,Mattei
10.1016/j.jcf.2023.02.003,Daniel J.,Dorgan
10.1016/j.jcf.2023.02.003,Denis,Hadjiliadis
10.1016/j.jcf.2023.02.003,Steven M.,Kawut
10.1016/j.jcf.2023.02.003,Ronald G.,Collman
10.1128/mSphere.00166-19,Johnathan,Yockey
10.1128/mSphere.00166-19,Luke,Andres
10.1128/mSphere.00166-19,Moleigh,Carson
10.1128/mSphere.00166-19,Jeramia J.,Ory
10.1128/mSphere.00166-19,Amy J.,Reese
10.1093/femsyr/foab066,J Carl,Schultz
10.1093/femsyr/foab066,Mingfeng,Cao
10.1093/femsyr/foab066,Andrea,Mejia
10.1093/femsyr/foab066,Huimin,Zhao
10.1038/s41598-022-25303-1,Manon A.,Morin
10.1038/s41598-022-25303-1,Anneliese J.,Morrison
10.1038/s41598-022-25303-1,Michael J.,Harms
10.1038/s41598-022-25303-1,Rachel J.,Dutton
10.1094/PDIS-04-22-0916-PDN,J. F.,Willbur
10.1094/PDIS-04-22-0916-PDN,E. M.,Schlachter
10.1094/PDIS-04-22-0916-PDN,M.,Satoh-Cruz
10.1094/PDIS-04-22-0916-PDN,S.,Ruth
10.1094/PDIS-04-22-0916-PDN,C.,Burek
10.1094/PDIS-04-22-0916-PDN,J.,Byrne
10.1111/ctr.13587,Jay A.,Fishman
10.1111/ctr.13587,Hayley,Gans
10.1111/ctr.13587,Unknown,Unknown
10.3390/jof9060602,Dora,Pungan
10.3390/jof9060602,Jia,Fan
10.3390/jof9060602,Guixiang,Dai
10.3390/jof9060602,Mst Shamima,Khatun
10.3390/jof9060602,Monika L.,Dietrich
10.3390/jof9060602,Kevin J.,Zwezdaryk
10.3390/jof9060602,James E.,Robinson
10.3390/jof9060602,Samuel J.,Landry
10.3390/jof9060602,Jay K.,Kolls
10.3390/jof8080799,Spenser J.,Babb-Biernacki
10.3390/jof8080799,Jacob A.,Esselstyn
10.3390/jof8080799,Vinson P.,Doyle
10.1128/mSphere.00488-19,Taylor,Eddens
10.1128/mSphere.00488-19,Waleed,Elsegeiny
10.1128/mSphere.00488-19,David,Ricks
10.1128/mSphere.00488-19,Meagan,Goodwin
10.1128/mSphere.00488-19,William T.,Horne
10.1128/mSphere.00488-19,Mingquan,Zheng
10.1128/mSphere.00488-19,Jay K.,Kolls
10.3390/jof8020136,Robert F.,Miller
10.3390/jof8020136,Kieran R.,Daly
10.3390/jof8020136,Peter D.,Walzer
10.3390/jof8020136,Ana V.,Ulloa
10.3390/jof8020136,Carolina A.,Ponce
10.3390/jof8020136,Sergio L.,Vargas
10.1016/j.cell.2022.09.015,Anders B.,Dohlman
10.1016/j.cell.2022.09.015,Jared,Klug
10.1016/j.cell.2022.09.015,Marissa,Mesko
10.1016/j.cell.2022.09.015,Iris H.,Gao
10.1016/j.cell.2022.09.015,Steven M.,Lipkin
10.1016/j.cell.2022.09.015,Xiling,Shen
10.1016/j.cell.2022.09.015,Iliyan D.,Iliev
10.1093/cid/ciac882,Patrick B,Mazi
10.1093/cid/ciac882,John M,Sahrmann
10.1093/cid/ciac882,Margaret A,Olsen
10.1093/cid/ciac882,Ariella,Coler-Reilly
10.1093/cid/ciac882,Adriana M,Rauseo
10.1093/cid/ciac882,Matthew,Pullen
10.1093/cid/ciac882,Julio C,Zuniga-Moya
10.1093/cid/ciac882,William G,Powderly
10.1093/cid/ciac882,Andrej,Spec
10.1002/cpmc.132,Gregory C.,Kujoth
10.1002/cpmc.132,Thomas D.,Sullivan
10.1002/cpmc.132,Bruce S.,Klein
10.1016/j.eucr.2023.102489,Tyler A.,Wittmann
10.1016/j.eucr.2023.102489,Brendan T.,Waldoch
10.1016/j.eucr.2023.102489,Carley M.,Davis
10.1093/ofid/ofac609,Gayathri,Krishnan
10.1093/ofid/ofac609,Margaret,Power
10.1093/ofid/ofac609,J Ryan,Bariola
10.1093/ofid/ofac609,Ryan,Dare
10.1128/msphere.00370-23,Bastian,Joehnk
10.1128/msphere.00370-23,Nebat,Ali
10.1128/msphere.00370-23,Mark,Voorhies
10.1128/msphere.00370-23,Keith,Walcott
10.1128/msphere.00370-23,Anita,Sil
10.1128/mbio.03773-21,Stephanie C.,Ray
10.1128/mbio.03773-21,Chad A.,Rappleye
10.1128/mSphere.00742-20,Grant S.,Jones
10.1128/mSphere.00742-20,Victoria E.,Sepúlveda
10.1128/mSphere.00742-20,William E.,Goldman
10.1128/mbio.02574-21,Mark,Voorhies
10.1128/mbio.02574-21,Shirli,Cohen
10.1128/mbio.02574-21,Terrance P.,Shea
10.1128/mbio.02574-21,Semar,Petrus
10.1128/mbio.02574-21,José F.,Muñoz
10.1128/mbio.02574-21,Shane,Poplawski
10.1128/mbio.02574-21,William E.,Goldman
10.1128/mbio.02574-21,Todd P.,Michael
10.1128/mbio.02574-21,Christina A.,Cuomo
10.1128/mbio.02574-21,Anita,Sil
10.1128/mbio.02574-21,Sinem,Beyhan
10.1177/1098612X19846987,Karen A,Moriello
10.1177/1098612X19846987,Rebecca,Stuntebeck
10.1177/1098612X19846987,Laura,Mullen
10.3389/fcimb.2020.545913,Nicole,Parrish
10.3389/fcimb.2020.545913,Stefanie L.,Fisher
10.3389/fcimb.2020.545913,Ashlea,Gartling
10.3389/fcimb.2020.545913,David,Craig
10.3389/fcimb.2020.545913,Nicholas,Boire
10.3389/fcimb.2020.545913,Joshua,Khuvis
10.3389/fcimb.2020.545913,Stefan,Riedel
10.3389/fcimb.2020.545913,Sean,Zhang
10.7759/cureus.21210,Philip R,Cohen
10.7759/cureus.21210,Christopher S,Crowley
10.7759/cureus.21210,Christof P,Erickson
10.7759/cureus.21210,Antoanella,Calame
10.1007/s11046-021-00567-9,Jia,Liu
10.1007/s11046-021-00567-9,Liyu,Ge
10.1007/s11046-021-00567-9,Huan,Mei
10.1007/s11046-021-00567-9,Hailin,Zheng
10.1007/s11046-021-00567-9,Jingwen,Peng
10.1007/s11046-021-00567-9,Guanzhao,Liang
10.1007/s11046-021-00567-9,Weida,Liu
10.1016/j.funbio.2021.12.002,Marileide M.,Costa
10.1016/j.funbio.2021.12.002,Amgad A.,Saleh
10.1016/j.funbio.2021.12.002,Maruzanete P.,Melo
10.1016/j.funbio.2021.12.002,Elaine Aparecida,Guimarães
10.1016/j.funbio.2021.12.002,J. Peter,Esele
10.1016/j.funbio.2021.12.002,Kurt A.,Zeller
10.1016/j.funbio.2021.12.002,Brett A.,Summerell
10.1016/j.funbio.2021.12.002,Ludwig H.,Pfenning
10.1016/j.funbio.2021.12.002,John F.,Leslie
10.1094/PDIS-06-20-1376-RE,Brian,Mueller
10.1094/PDIS-06-20-1376-RE,Carol L.,Groves
10.1094/PDIS-06-20-1376-RE,Damon L.,Smith
10.1094/PDIS-09-21-2105-SR,Terry J.,Torres-Cruz
10.1094/PDIS-09-21-2105-SR,Briana K.,Whitaker
10.1094/PDIS-09-21-2105-SR,Robert H.,Proctor
10.1094/PDIS-09-21-2105-SR,Kirk,Broders
10.1094/PDIS-09-21-2105-SR,Imane,Laraba
10.1094/PDIS-09-21-2105-SR,Hye-Seon,Kim
10.1094/PDIS-09-21-2105-SR,Daren W.,Brown
10.1094/PDIS-09-21-2105-SR,Kerry,O’Donnell
10.1094/PDIS-09-21-2105-SR,Tania L.,Estrada-Rodríguez
10.1094/PDIS-09-21-2105-SR,Yong-Hwan,Lee
10.1094/PDIS-09-21-2105-SR,Kyeongchae,Cheong
10.1094/PDIS-09-21-2105-SR,Emma C.,Wallace
10.1094/PDIS-09-21-2105-SR,Chyanna T.,McGee
10.1094/PDIS-09-21-2105-SR,Seogchan,Kang
10.1094/PDIS-09-21-2105-SR,David M.,Geiser
10.1080/00275514.2020.1816387,D.,Goffre
10.1080/00275514.2020.1816387,A. B.,Jensen
10.1080/00275514.2020.1816387,C. C.,Lopez Lastra
10.1080/00275514.2020.1816387,R. A.,Humber
10.1080/00275514.2020.1816387,P. J.,Folgarait
10.3389/fvets.2021.633695,Jared A.,Jaffey
10.3389/fvets.2021.633695,Eric T.,Hostnik
10.3389/fvets.2021.633695,Aline Rodrigues,Hoffman
10.3389/fvets.2021.633695,Maureen,Jay
10.3389/fvets.2021.633695,Sylvia H.,Ferguson
10.3389/fvets.2021.633695,Nathan P.,Wiederhold
10.3389/fvets.2021.799641,Brittany L.,Rasche
10.3389/fvets.2021.799641,Samuel M.,Tucker
10.3389/fvets.2021.799641,Keith,Linder
10.3389/fvets.2021.799641,Tara M.,Harrison
10.3389/fvets.2021.799641,Tatiane Terumi,Negrão Watanabe
10.1128/mbio.03272-21,Tamires A.,Bitencourt
10.1128/mbio.03272-21,Otavio,Hatanaka
10.1128/mbio.03272-21,Andre M.,Pessoni
10.1128/mbio.03272-21,Mateus S.,Freitas
10.1128/mbio.03272-21,Gabriel,Trentin
10.1128/mbio.03272-21,Patrick,Santos
10.1128/mbio.03272-21,Antonio,Rossi
10.1128/mbio.03272-21,Nilce M.,Martinez-Rossi
10.1128/mbio.03272-21,Lysangela L.,Alves
10.1128/mbio.03272-21,Arturo,Casadevall
10.1128/mbio.03272-21,Marcio L.,Rodrigues
10.1128/mbio.03272-21,Fausto,Almeida
10.1097/DAD.0000000000002601,Madeline,Brown
10.1097/DAD.0000000000002601,Albert E.,Zhou
10.1097/DAD.0000000000002601,David F.,Jaffe
10.1097/DAD.0000000000002601,Richard G.,Pfau
10.1172/jci.insight.159491,Amy P.,Hsu
10.1172/jci.insight.159491,Agnieszka,Korzeniowska
10.1172/jci.insight.159491,Cynthia C.,Aguilar
10.1172/jci.insight.159491,Jingwen,Gu
10.1172/jci.insight.159491,Eric,Karlins
10.1172/jci.insight.159491,Andrew J.,Oler
10.1172/jci.insight.159491,Gang,Chen
10.1172/jci.insight.159491,Glennys V.,Reynoso
10.1172/jci.insight.159491,Joie,Davis
10.1172/jci.insight.159491,Alexandria,Chaput
10.1172/jci.insight.159491,Tao,Peng
10.1172/jci.insight.159491,Ling,Sun
10.1172/jci.insight.159491,Justin B.,Lack
10.1172/jci.insight.159491,Derek J.,Bays
10.1172/jci.insight.159491,Ethan R.,Stewart
10.1172/jci.insight.159491,Sarah E.,Waldman
10.1172/jci.insight.159491,Daniel A.,Powell
10.1172/jci.insight.159491,Fariba M.,Donovan
10.1172/jci.insight.159491,Jigar V.,Desai
10.1172/jci.insight.159491,Nima,Pouladi
10.1172/jci.insight.159491,Debra A.,Long Priel
10.1172/jci.insight.159491,Daisuke,Yamanaka
10.1172/jci.insight.159491,Sergio D.,Rosenzweig
10.1172/jci.insight.159491,Julie E.,Niemela
10.1172/jci.insight.159491,Jennifer,Stoddard
10.1172/jci.insight.159491,Alexandra F.,Freeman
10.1172/jci.insight.159491,Christa S.,Zerbe
10.1172/jci.insight.159491,Douglas B.,Kuhns
10.1172/jci.insight.159491,Yves A.,Lussier
10.1172/jci.insight.159491,Kenneth N.,Olivier
10.1172/jci.insight.159491,Richard C.,Boucher
10.1172/jci.insight.159491,Heather D.,Hickman
10.1172/jci.insight.159491,Jeffrey,Frelinger
10.1172/jci.insight.159491,Joshua,Fierer
10.1172/jci.insight.159491,Lisa F.,Shubitz
10.1172/jci.insight.159491,Thomas L.,Leto
10.1172/jci.insight.159491,George R.,Thompson
10.1172/jci.insight.159491,John N.,Galgiani
10.1172/jci.insight.159491,Michail S.,Lionakis
10.1172/jci.insight.159491,Steven M.,Holland
10.1093/g3journal/jkab132,Marcus,de Melo Teixeira
10.1093/g3journal/jkab132,B Franz,Lang
10.1093/g3journal/jkab132,Daniel R,Matute
10.1093/g3journal/jkab132,Jason E,Stajich
10.1093/g3journal/jkab132,Bridget M,Barker
10.1016/j.funbio.2019.06.007,Stephen W.,Peterson
10.1016/j.funbio.2019.06.007,Željko,Jurjević
10.1177/03009858221075589,Rebecca L.,Bacon
10.1177/03009858221075589,Stephanie A.,Lovell
10.1177/03009858221075589,Aline,Rodrigues Hoffman
10.1177/03009858221075589,Alycia P.,Fratzke
10.7759/cureus.38896,Waleed,Ali
10.7759/cureus.38896,Bradley,Casey
10.7759/cureus.38896,Ilya,Al Salman
10.7759/cureus.38896,Haitham,Mazek
10.7759/cureus.38896,Rahel,Alemu
10.7759/cureus.38896,Usman,Younus
10.1093/ajcp/aqab070,Mia S,DeSimone
10.1093/ajcp/aqab070,Jessica W,Crothers
10.1093/ajcp/aqab070,Isaac H,Solomon
10.1093/ajcp/aqab070,Alvaro C,Laga
10.1016/j.jpra.2021.10.010,Caroline,Koan
10.1016/j.jpra.2021.10.010,Rose J.,Venegas
10.1016/j.jpra.2021.10.010,Richard A.,Murphy
10.1016/j.chom.2019.01.007,Jose J.,Limon
10.1016/j.chom.2019.01.007,Jie,Tang
10.1016/j.chom.2019.01.007,Dalin,Li
10.1016/j.chom.2019.01.007,Andrea J.,Wolf
10.1016/j.chom.2019.01.007,Kathrin S.,Michelsen
10.1016/j.chom.2019.01.007,Vince,Funari
10.1016/j.chom.2019.01.007,Matthew,Gargus
10.1016/j.chom.2019.01.007,Christopher,Nguyen
10.1016/j.chom.2019.01.007,Purnima,Sharma
10.1016/j.chom.2019.01.007,Viviana I.,Maymi
10.1016/j.chom.2019.01.007,Iliyan D.,Iliev
10.1016/j.chom.2019.01.007,Joseph H.,Skalski
10.1016/j.chom.2019.01.007,Jordan,Brown
10.1016/j.chom.2019.01.007,Carol,Landers
10.1016/j.chom.2019.01.007,James,Borneman
10.1016/j.chom.2019.01.007,Jonathan,Braun
10.1016/j.chom.2019.01.007,Stephan R.,Targan
10.1016/j.chom.2019.01.007,Dermot P.B.,McGovern
10.1016/j.chom.2019.01.007,David M.,Underhill
10.1111/bjd.21687,Khek-Chian,Tham
10.1111/bjd.21687,Rachel,Lefferdink
10.1111/bjd.21687,Kaibo,Duan
10.1111/bjd.21687,Seong Soo,Lim
10.1111/bjd.21687,X.F. Colin C.,Wong
10.1111/bjd.21687,Erin,Ibler
10.1111/bjd.21687,Benedict,Wu
10.1111/bjd.21687,Hajar,Abu-Zayed
10.1111/bjd.21687,Stephanie M.,Rangel
10.1111/bjd.21687,Ester,Del Duca
10.1111/bjd.21687,Mashkura,Chowdhury
10.1111/bjd.21687,Margot,Chima
10.1111/bjd.21687,Hee Jee,Kim
10.1111/bjd.21687,Bernett,Lee
10.1111/bjd.21687,Emma,Guttman-Yassky
10.1111/bjd.21687,Amy S.,Paller
10.1111/bjd.21687,John E. A.,Common
10.1002/JLB.2MA0820-259R,Andrea J,Wolf
10.1002/JLB.2MA0820-259R,Jose J,Limon
10.1002/JLB.2MA0820-259R,Christopher,Nguyen
10.1002/JLB.2MA0820-259R,Alexander,Prince
10.1002/JLB.2MA0820-259R,Anthony,Castro
10.1002/JLB.2MA0820-259R,David M,Underhill
