affiliation,institute,address
"Department of Civil and Environmental Engineering, Massachusetts Institute of Technology, Cambridge, MA, USA giocapovilla@gmailcom",Massachusetts Institute of Technology,"77 Massachusetts Avenue, 1-290, Cambridge, MA 02139, USA"
"Department of Civil and Environmental Engineering, Massachusetts Institute of Technology, Cambridge, MA, USA",Massachusetts Institute of Technology,"77 Massachusetts Avenue, 1-290, Cambridge, MA 02139, USA"
"Department of Fysiologisk Botanik, Umeå Plant Science Centre (UPSC), Umeå University, Umeå, Sweden",Umeå University,"Parallellvägen 21, 907 36 Umeå, Sweden"
"Department of Biology, Indiana University, Bloomington, IN, USA",Indiana University,"1001 E 3rd St, Bloomington, IN 47405, USA"
"Department of Biology, Massachusetts Institute of Technology, Cambridge, MA, USA chisholm@mitedu",Massachusetts Institute of Technology,"31 Ames St, Cambridge, MA 02139, USA"
"Department of Chemistry, COMSATS University Islamabad, Abbottabad Campus, Abbottabad 22060, Pakistan",COMSATS University Islamabad,"hostel city Line 12, Park Rd, Islamabad, Islamabad Capital Territory 45550, Pakistan"
"Beijing National Laboratory for Molecular Sciences, State Key Laboratory of Molecular Reaction Dynamics, Institute of Chemistry, Chinese Academy of Sciences, Beijing 100190, China",Institute of Chemistry,"Pasadena, CA 91125, USA"
"Department of Zoology, GC University Faisalabad, Faisalabad 38000, Pakistan",GC University Faisalabad,"Government College University, Zoology Block, Gurunanakpura, Faisalabad, Punjab 38000, Pakistan"
"Department of Pharmaceutical Chemistry, College of Pharmacy, King Saud University, PO Box 2457, Riyadh 11451, Saudi Arabia",King Saud University,"JMMH+8P8, Amr Ibn Alaas St, Ulaishah, Riyadh 12743, Saudi Arabia"
"Department of Biochemistry, College of Science, King Saud University, PO Box 22452, Riyadh 11451, Saudi Arabia",King Saud University,"JMMH+8P8, Amr Ibn Alaas St, Ulaishah, Riyadh 12743, Saudi Arabia"
"Frontiers Science Center for Deep Ocean Multispheres and Earth System, College of Marine Life Sciences, Ocean University of China, Qingdao, China",Ocean University of China,"387P+466, Da Xue Lu, Shi Nan Qu, Qing Dao Shi, Shan Dong Sheng, China, 266005"
"Institute of Evolution & Marine Biodiversity, Ocean University of China, Qingdao, China",Ocean University of China,"China, Shan Dong Sheng, Qing Dao Shi, Shi Nan Qu, 学院路387Q+R57 邮政编码: 266005"
